Campaign,Sample_ID,Gmin_mean,percentage_rwc_sup,percentage_rwc_inf,time_sup,time_inf,method_of_rwc,slope,Rsquared,K,VPD,mean_T,mean_RH,mean_Patm,mean_area,Mode
auto_gmin_testdataset (3rd copy),blup,0.21458940767422452,80.64566666666664,49.676083333333295,88.0,3044.0,provided_dry_fresh_weight,-0.00010387803434580724,0.6306639381385556,-9.610178539718065e-05,1.2928039521977261,26.17795945945946,62.30775337837838,101.32500000000002,0.035100000000000006,RWC filtered
WATERLOO_23_03_2021_processed_VIAL_SESE_2,VIAL1,4.939960902425735,76.59013107281648,49.35506230616413,1096.0,3146.0,estimated_dry_fresh_weight,-0.0003912413902103548,0.843773599665761,-0.0003619532883662784,1.3687557179228484,27.05886585365854,62.12260975609756,101.32500000000003,0.005424,RWC filtered
WATERLOO_23_03_2021_processed_VIAL_SESE_2,VIAL2,14.149119493174933,80.0518179142857,59.44110671428573,1876.0,2886.0,provided_dry_fresh_weight,-0.0007339565168970965,0.8938288104382814,-0.0006790129609393587,1.364738488872125,27.046773399014782,62.20679802955665,101.32500000000003,0.003562999999999999,RWC filtered
auto_gmin_testdataset (copy),blup,0.21458940767422452,80.64566666666664,49.676083333333295,88.0,3044.0,provided_dry_fresh_weight,-0.00010387803434580724,0.6306639381385556,-9.610178539718065e-05,1.2928039521977261,26.17795945945946,62.30775337837838,101.32500000000002,0.035100000000000006,RWC filtered
